Mutation Hot Spot,Codon,VAF (%),Age,Sample number
DNMT3A R882,p.R882H,4.14,25,1
DNMT3A R882,p.R882C,2.33,35,2
DNMT3A R882,p.R882H,3.8,42,3
DNMT3A R882,p.R882H,4,42,4
DNMT3A R882,p.R882H,1.25,43,5
DNMT3A R882,p.R882H,19,48,6
DNMT3A R882,p.R882H,1.18,49,7
DNMT3A R882,p.R882S,1.74,49,8
DNMT3A R882,p.R882H,9.87,50,9
DNMT3A R882,p.R882H,0.83,51,10
DNMT3A R882,p.R882C,1.1,51,11
DNMT3A R882,p.R882C,12.5,52,12
DNMT3A R882,p.R882C,1.28,53,13
DNMT3A R882,p.R882C,2.47,54,14
DNMT3A R882,p.R882H,1.95,55,15
DNMT3A R882,p.R882C,30.22,55,16
DNMT3A R882,p.R882C,1.22,56,17
DNMT3A R882,p.R882H,0.91,58,18
DNMT3A R882,p.R882H,4.17,60,19
DNMT3A R882,p.R882H,5.9,60,20
DNMT3A R882,p.R882H,9.6,60,21
DNMT3A R882,p.R882H,2.73,60,22
DNMT3A R882,p.R882C,9.33,60,23
DNMT3A R882,p.R882H,7.03,61,24
DNMT3A R882,p.R882C,1.21,61,25
DNMT3A R882,p.R882H,0.86,63,26
DNMT3A R882,p.R882H,2.54,64,27
DNMT3A R882,p.R882H,3.19,67,28
DNMT3A R882,p.R882H,2.74,70,29
DNMT3A R882,p.R882H,4.27,74,30
DNMT3A R882,p.R882H,0.85,74,31
DNMT3A R882,p.R882H,0.85,75,32
DNMT3A R882,p.R882C,1.12,77,33
DNMT3A R882,p.R882C,1.15,78,34
DNMT3A R882,p.R882H,1.26,79,35
DNMT3A R882,p.R882H,16.66,80,36
DNMT3A R882,p.R882C,4.28,80,37
DNMT3A R882,p.R882C,3.66,80,38
DNMT3A R882,p.R882H,32.02,81,39
DNMT3A R882,p.R882H,1.14,81,40
DNMT3A R882,p.R882H,3.06,81,41
DNMT3A R882,p.R882H,2.17,81,42
DNMT3A R882,p.R882H,1.13,82,43
DNMT3A R882,p.R882H,1.46,82,44
DNMT3A R882,p.R882C,2.62,82,45
DNMT3A R882,p.R882C,6.15,89,46
DNMT3A R882,p.R882C,2,94,47
JAK2V617F,p.V617F,1.56,34,48
JAK2V617F,p.V617F,4.91,42,49
JAK2V617F,p.V617F,7.72,45,50
JAK2V617F,p.V617F,0.85,62,51
JAK2V617F,p.V617F,25.44,64,52
JAK2V617F,p.V617F,7.41,65,53
JAK2V617F,p.V617F,1.03,67,54
JAK2V617F,p.V617F,0.88,71,55
JAK2V617F,p.V617F,3.75,71,56
JAK2V617F,p.V617F,1.16,75,57
JAK2V617F,p.V617F,2.3,77,58
JAK2V617F,p.V617F,1.92,78,59
JAK2V617F,p.V617F,2.26,80,60
JAK2V617F,p.V617F,4.25,80,61
JAK2V617F,p.V617F,1.92,80,62
JAK2V617F,p.V617F,3.71,80,63
JAK2V617F,p.V617F,15.48,81,64
JAK2V617F,p.V617F,1.21,82,65
JAK2V617F,p.V617F,1.62,85,66
JAK2V617F,p.V617F,0.83,85,67
JAK2V617F,p.V617F,1.98,86,68
JAK2V617F,p.V617F,25.94,88,69
JAK2V617F,p.V617F,10.88,88,70
JAK2V617F,p.V617F,2.94,90,71
JAK2V617F,p.V617F,1.23,90,72
KRAS G12,p.G12R,0.94,55,73
KRAS G12,p.G12S,2.78,78,74
NRAS G12,p.G12S,1.5,61,75
NRAS G12,p.G12D,0.96,62,76
IDH1 R132,p.R132H,42.13,84,77
IDH1 R132,p.R132C,0.92,92,78
IDH2 R140,p.R140Q,6.67,76,79
SRSF2 P95,p.P95R,4.46,70,80
SRSF2 P95,p.P95L,3.35,72,81
SRSF2 P95,p.P95H,0.86,73,82
SRSF2 P95,p.P95H,0.84,77,83
SRSF2 P95,p.P95L,0.97,79,84
SRSF2 P95,p.P95L,0.85,80,85
SRSF2 P95,p.P95H,6.67,80,85
SRSF2 P95,p.P95L,0.96,81,86
SRSF2 P95,p.P95H,6.4,82,87
SRSF2 P95,p.P95L,2.74,85,88
SRSF2 P95,p.P95R,7.52,87,89
SRSF2 P95,p.P95L,5.84,88,70
SRSF2 P95,p.P95H,10.48,88,70
SRSF2 P95,p.P95R,2.71,88,90
SRSF2 P95,p.P95R,17.05,90,91
SF3B1 K700,p.K700E,1.04,76,92
SF3B1 K700,p.K700E,6.63,81,93
SF3B1 K700,p.K700E,0.79,82,94
SF3B1 K700,p.K700E,12.59,83,95
SF3B1 K700,p.K700E,8.77,83,96
SF3B1 K700,p.K700E,1.02,84,97
SF3B1 K700,p.K700E,0.85,90,98
SF3B1 K700,p.K700E,1.37,90,99
SF3B1 K666,p.K666N,1.33,70,100
SF3B1 K666,p.K666N,5.01,79,101
SF3B1 K666,p.K666N,13.36,79,84
SF3B1 K666,p.K666N,15.43,80,60
SF3B1 K666,p.K666N,4.6,81,102
SF3B1 K666,p.K666E,1.09,83,96
SF3B1 K666,p.K666N,35.11,86,103
SF3B1 K666,p.K666N,19.7,86,104
SF3B1 K666,p.K666N,16.55,86,105
SF3B1 K666,p.K666E,3.34,95,106