,Trinucleotide frequency in genome (%),,Trinucleotide frequency in genome (%),Sum of frequencies,Number of times seen,,Mutation rate per pair of complementary sites (HAPLOID): divide by no of colonies (140) and age (59) and by number of bases with this site in haploid genome ((freq/100)*5.865E9 (effective genome size for 150bp paired end reads))
A[C>A]A,2.0131,T[G>T]T,2.0205,4.0336,2510,,1.33338E-09
A[C>A]C,1.1622,T[G>T]G,1.8462,3.0084,1030,,7.33623E-10
A[C>A]G,0.251,T[G>T]C,1.4408,1.6918,250,,3.16638E-10
A[C>A]T,1.6076,T[G>T]A,1.9589,3.5665,1140,,6.84911E-10
,,,,,,,
C[C>A]A,1.8426,G[G>T]T,1.1636,3.0062,2650,,1.88886E-09
C[C>A]C,1.3141,G[G>T]G,1.3154,2.6295,1000,,8.14889E-10
C[C>A]G,0.2761,G[G>T]C,1.1896,1.4657,300,,4.38579E-10
C[C>A]T,1.7769,G[G>T]A,1.5441,3.321,1630,,1.0517E-09
,,,,,,,
G[C>A]A,1.4395,C[G>T]T,0.2516,1.6911,1511,,1.91455E-09
G[C>A]C,1.1901,C[G>T]G,0.2761,1.4662,713,,1.042E-09
G[C>A]G,0.2381,C[G>T]C,0.2379,0.476,188,,8.46296E-10
G[C>A]T,1.3983,C[G>T]A,0.2205,1.6188,1000,,1.32367E-09
,,,,,,,
T[C>A]A,1.9583,A[G>T]T,1.6097,3.568,988,,5.9334E-10
T[C>A]C,1.5432,A[G>T]G,1.7749,3.3181,778,,5.02414E-10
T[C>A]G,0.2209,A[G>T]C,1.3978,1.6187,188,,2.48865E-10
T[C>A]T,2.2134,A[G>T]A,2.21,4.4234,1025,,4.96523E-10
,,,,,,,
A[C>G]A,2.0131,T[G>C]T,2.0205,4.0336,2050,,1.08901E-09
A[C>G]C,1.1622,T[G>C]G,1.8462,3.0084,525,,3.73934E-10
A[C>G]G,0.251,T[G>C]C,1.4408,1.6918,225,,2.84974E-10
A[C>G]T,1.6076,T[G>C]A,1.9589,3.5665,1090,,6.54871E-10
,,,,,,,
C[C>G]A,1.8426,G[G>C]T,1.1636,3.0062,800,,5.70222E-10
C[C>G]C,1.3141,G[G>C]G,1.3154,2.6295,560,,4.56338E-10
C[C>G]G,0.2761,G[G>C]C,1.1896,1.4657,169,,2.47066E-10
C[C>G]T,1.7769,G[G>C]A,1.1636,2.9405,725,,5.28309E-10
,,,,,,,
G[C>G]A,1.4395,C[G>C]T,0.2516,1.6911,725,,9.18629E-10
G[C>G]C,1.1901,C[G>C]G,0.2761,1.4662,450,,6.57644E-10
G[C>G]G,0.2381,C[G>C]C,0.2379,0.476,140,,6.30221E-10
G[C>G]T,1.3983,C[G>C]A,0.2205,1.6188,575,,7.61108E-10
,,,,,,,
T[C>G]A,1.9583,A[G>C]T,0.2516,2.2099,518,,5.0226E-10
T[C>G]C,1.5432,A[G>C]G,0.2761,1.8193,630,,7.42007E-10
T[C>G]G,0.2209,A[G>C]C,0.2379,0.4588,118,,5.511E-10
T[C>G]T,2.2134,A[G>C]A,0.2205,2.4339,970,,8.53966E-10
,,,,,,,
A[C>T]A,2.0131,T[G>A]T,2.0205,4.0336,6050,,3.21391E-09
A[C>T]C,1.1622,T[G>A]G,1.8462,3.0084,3450,,2.45728E-09
A[C>T]G,0.251,T[G>A]C,1.4408,1.6918,7675,,9.72077E-09
A[C>T]T,1.6076,T[G>A]A,1.9589,3.5665,4665,,2.80273E-09
,,,,,,,
C[C>T]A,1.8426,G[G>A]T,1.1636,3.0062,3385,,2.41275E-09
C[C>T]C,1.3141,G[G>A]G,1.3154,2.6295,3250,,2.64839E-09
C[C>T]G,0.2761,G[G>A]C,1.1896,1.4657,3650,,5.33604E-09
C[C>T]T,1.7769,G[G>A]A,1.5441,3.321,7265,,4.68747E-09
,,,,,,,
G[C>T]A,1.4395,C[G>A]T,0.2516,1.6911,3125,,3.95961E-09
G[C>T]C,1.1901,C[G>A]G,0.2761,1.4662,3830,,5.59728E-09
G[C>T]G,0.2381,C[G>A]C,0.2379,0.476,4185,,1.88391E-08
G[C>T]T,1.3983,C[G>A]A,0.2205,1.6188,5338,,7.06573E-09
,,,,,,,
T[C>T]A,1.9583,A[G>A]T,1.6097,3.568,1815,,1.08999E-09
T[C>T]C,1.5432,A[G>A]G,1.7749,3.3181,2250,,1.453E-09
T[C>T]G,0.2209,A[G>A]C,1.3978,1.6187,2475,,3.27627E-09
T[C>T]T,2.2134,A[G>A]A,2.21,4.4234,2885,,1.39753E-09
,,,,,,,
A[T>A]A,2.0605,T[A>T]T,2.0626,4.1231,820,,4.26149E-10
A[T>A]C,1.3343,T[A>T]G,1.2903,2.6246,1010,,8.24574E-10
A[T>A]G,1.8365,T[A>T]C,1.1341,2.9706,865,,6.23941E-10
A[T>A]T,2.4945,T[A>T]A,2.0782,4.5727,850,,3.98307E-10
,,,,,,,
C[T>A]A,1.2886,G[A>T]T,1.3358,2.6244,510,,4.16401E-10
C[T>A]C,1.6834,G[A>T]G,1.6834,3.3668,595,,3.78679E-10
C[T>A]G,2.0269,G[A>T]C,0.9439,2.9708,850,,6.1308E-10
C[T>A]T,1.9972,G[A>T]A,1.9703,3.9675,715,,3.86154E-10
,,,,,,,
G[T>A]A,1.1347,C[A>T]T,1.8364,2.9711,430,,3.10115E-10
G[T>A]C,0.9452,C[A>T]G,2.0254,2.9706,400,,2.88528E-10
G[T>A]G,1.5049,C[A>T]C,1.5012,3.0061,440,,3.13632E-10
G[T>A]T,1.4607,C[A>T]A,1.8905,3.3512,540,,3.45275E-10
,,,,,,,
T[T>A]A,2.0814,A[A>T]T,2.491,4.5724,565,,2.64774E-10
T[T>A]C,1.9728,A[A>T]G,1.9933,3.9661,495,,2.67432E-10
T[T>A]G,1.8981,A[A>T]C,1.4548,3.3529,385,,2.46043E-10
T[T>A]T,3.8502,A[A>T]A,3.8356,7.6858,890,,2.48126E-10
,,,,,,,
A[T>C]A,2.0605,T[A>G]T,2.0626,4.1231,2835,,1.47333E-09
A[T>C]C,1.3343,T[A>G]G,1.2903,2.6246,1030,,8.40902E-10
A[T>C]G,1.8365,T[A>G]C,1.1341,2.9706,2550,,1.83936E-09
A[T>C]T,2.4945,T[A>G]A,2.0782,4.5727,3135,,1.46905E-09
,,,,,,,
C[T>C]A,1.2886,G[A>G]T,1.3358,2.6244,1065,,8.69543E-10
C[T>C]C,1.6834,G[A>G]G,1.6834,3.3668,1278,,8.13364E-10
C[T>C]G,2.0269,G[A>G]C,0.9439,2.9708,1525,,1.09994E-09
C[T>C]T,1.9972,G[A>G]A,1.9703,3.9675,1372,,7.40984E-10
,,,,,,,
G[T>C]A,1.1347,C[A>G]T,1.8364,2.9711,934,,6.73599E-10
G[T>C]C,0.9452,C[A>G]G,2.0254,2.9706,783,,5.64793E-10
G[T>C]G,1.5049,C[A>G]C,1.5012,3.0061,918,,6.54351E-10
G[T>C]T,1.4607,C[A>G]A,1.8905,3.3512,1490,,9.52703E-10
,,,,,,,
T[T>C]A,2.0814,A[A>G]T,2.491,4.5724,1207,,5.65633E-10
T[T>C]C,1.9728,A[A>G]G,1.9933,3.9661,995,,5.37565E-10
T[T>C]G,1.8981,A[A>G]C,1.4548,3.3529,963,,6.15428E-10
T[T>C]T,3.8502,A[A>G]A,3.8356,7.6858,1780,,4.96252E-10
,,,,,,,
A[T>G]A,2.0605,T[A>C]T,2.0626,4.1231,385,,2.00082E-10
A[T>G]C,1.3343,T[A>C]G,1.2903,2.6246,190,,1.55118E-10
A[T>G]G,1.8365,T[A>C]C,1.1341,2.9706,612,,4.41447E-10
A[T>G]T,2.4945,T[A>C]A,2.0782,4.5727,432,,2.02434E-10
,,,,,,,
C[T>G]A,1.2886,G[A>C]T,1.3358,2.6244,202,,1.64927E-10
C[T>G]C,1.6834,G[A>C]G,1.6834,3.3668,293,,1.86476E-10
C[T>G]G,2.0269,G[A>C]C,0.9439,2.9708,565,,4.07518E-10
C[T>G]T,1.9972,G[A>C]A,1.9703,3.9675,470,,2.53836E-10
,,,,,,,
G[T>G]A,1.1347,C[A>C]T,1.8364,2.9711,200,,1.4424E-10
G[T>G]C,0.9452,C[A>C]G,2.0254,2.9706,107,,7.71811E-11
G[T>G]G,1.5049,C[A>C]C,1.5012,3.0061,358,,2.55183E-10
G[T>G]T,1.4607,C[A>C]A,1.8905,3.3512,230,,1.47062E-10
,,,,,,,
T[T>G]A,2.0814,A[A>C]T,2.491,4.5724,302,,1.41525E-10
T[T>G]C,1.9728,A[A>C]G,1.9933,3.9661,290,,1.56677E-10
T[T>G]G,1.8981,A[A>C]C,1.4548,3.3529,502,,3.20815E-10
T[T>G]T,3.8502,A[A>C]A,3.8356,7.6858,667,,1.85955E-10